{
  "tools": {
    "axe": {
      "name": "Axe",
      "icon": "minecraft:diamond_axe",
      "toollist": [
        "BiomesOPlenty:axeAmethyst",
        "BiomesOPlenty:axeMud",
        "IC2:itemToolBronzeAxe",
        "IC2:itemToolChainsaw",
        "TConstruct:hatchet",
        "appliedenergistics2:item.ToolCertusQuartzAxe",
        "appliedenergistics2:item.ToolNetherQuartzAxe",
        "minecraft:diamond_axe",
        "minecraft:golden_axe",
        "minecraft:iron_axe",
        "minecraft:stone_axe",
        "minecraft:wooden_axe"
      ],
      "blocklist": [
        "BiomesOPlenty:appleLeaves",
        "BiomesOPlenty:colorizedLeaves1",
        "BiomesOPlenty:colorizedLeaves2",
        "BiomesOPlenty:leaves1",
        "BiomesOPlenty:leaves2",
        "BiomesOPlenty:leaves3",
        "BiomesOPlenty:leaves4",
        "BiomesOPlenty:logs1/0",
        "BiomesOPlenty:logs1/1",
        "BiomesOPlenty:logs1/2",
        "BiomesOPlenty:logs1/3",
        "BiomesOPlenty:logs2/0",
        "BiomesOPlenty:logs2/1",
        "BiomesOPlenty:logs2/2",
        "BiomesOPlenty:logs2/3",
        "BiomesOPlenty:logs3/0",
        "BiomesOPlenty:logs3/1",
        "BiomesOPlenty:logs3/2",
        "BiomesOPlenty:logs3/3",
        "BiomesOPlenty:logs4/0",
        "BiomesOPlenty:logs4/1",
        "BiomesOPlenty:logs4/2",
        "BiomesOPlenty:persimmonLeaves",
        "ExtraTrees:log/0",
        "ExtraTrees:log/1",
        "ExtraTrees:log/2",
        "ExtraTrees:log/3",
        "ExtraTrees:log/4",
        "ExtraTrees:log/5",
        "ExtraTrees:log/6",
        "ExtraTrees:log/7",
        "ExtraTrees:log/8",
        "ExtraTrees:log/9",
        "ExtraTrees:log/10",
        "ExtraTrees:log/11",
        "ExtraTrees:log/12",
        "ExtraTrees:log/13",
        "ExtraTrees:log/14",
        "ExtraTrees:log/15",
        "ExtraTrees:log/16",
        "ExtraTrees:log/17",
        "ExtraTrees:log/18",
        "ExtraTrees:log/19",
        "ExtraTrees:log/20",
        "ExtraTrees:log/21",
        "ExtraTrees:log/22",
        "ExtraTrees:log/23",
        "ExtraTrees:log/24",
        "ExtraTrees:log/25",
        "ExtraTrees:log/26",
        "ExtraTrees:log/27",
        "ExtraTrees:log/28",
        "ExtraTrees:log/29",
        "ExtraTrees:log/30",
        "ExtraTrees:log/31",
        "ExtraTrees:log/32",
        "ExtraTrees:log/33",
        "ExtraTrees:log/34",
        "ExtraTrees:log/35",
        "ExtraTrees:log/36",
        "ExtraTrees:log/37",
        "ExtraTrees:log/38",
        "ExtraTrees:log/39",
        "Forestry:log1",
        "Forestry:log2",
        "Forestry:log3",
        "Forestry:log4",
        "Forestry:log5",
        "Forestry:log6",
        "Forestry:log7",
        "IC2:blockRubLeaves",
        "IC2:blockRubWood",
        "MineFactoryReloaded:tile.mfr.rubberwood.leaves/0",
        "MineFactoryReloaded:tile.mfr.rubberwood.log/0",
        "Natura:Dark Tree/0",
        "Natura:Dark Tree/1",
        "Natura:Rare Tree/0",
        "Natura:Rare Tree/1",
        "Natura:Rare Tree/2",
        "Natura:Rare Tree/3",
        "Natura:redwood/1",
        "Natura:tree/0",
        "Natura:tree/1",
        "Natura:tree/2",
        "Natura:tree/3",
        "Natura:willow/0",
        "Thaumcraft:blockMagicalLog/0",
        "Thaumcraft:blockMagicalLog/1",
        "TwilightForest:tile.TFLeaves",
        "TwilightForest:tile.TFLog",
        "TwilightForest:tile.TFMagicLeaves",
        "TwilightForest:tile.TFMagicLog",
        "minecraft:fence",
        "minecraft:leaves",
        "minecraft:leaves2",
        "minecraft:log",
        "minecraft:log2",
        "witchery:witchleaves",
        "witchery:witchlog"
      ]
    },
    "hoe": {
      "name": "Hoe",
      "icon": "minecraft:diamond_hoe",
      "toollist": [
        "BiomesOPlenty:hoeAmethyst",
        "BiomesOPlenty:hoeMud",
        "IC2:itemToolBronzeHoe",
        "TConstruct:mattock",
        "appliedenergistics2:item.ToolCertusQuartzHoe",
        "appliedenergistics2:item.ToolNetherQuartzHoe",
        "minecraft:diamond_hoe",
        "minecraft:golden_hoe",
        "minecraft:iron_hoe",
        "minecraft:stone_hoe",
        "minecraft:wooden_hoe"
      ],
      "blocklist": [
        "minecraft:carrots",
        "minecraft:melon_block",
        "minecraft:potatoes",
        "minecraft:pumpkin",
        "minecraft:wheat"
      ]
    },
    "pickaxe": {
      "name": "Pickaxe",
      "icon": "minecraft:diamond_pickaxe",
      "toollist": [
        "BiomesOPlenty:pickaxeAmethyst",
        "BiomesOPlenty:pickaxeMud",
        "IC2:itemToolBronzePickaxe",
        "IC2:itemToolDDrill",
        "IC2:itemToolDrill",
        "IC2:itemToolIridiumDrill",
        "TConstruct:pickaxe",
        "appliedenergistics2:item.ToolCertusQuartzPickaxe",
        "appliedenergistics2:item.ToolNetherQuartzPickaxe",
        "minecraft:diamond_pickaxe",
        "minecraft:golden_pickaxe",
        "minecraft:iron_pickaxe",
        "minecraft:stone_pickaxe",
        "minecraft:wooden_pickaxe"
      ],
      "blocklist": [
        "",
        "BigReactors:YelloriteOre/0",
        "BiomesOPlenty:gemOre/2",
        "BiomesOPlenty:gemOre/4",
        "BiomesOPlenty:gemOre/6",
        "BiomesOPlenty:gemOre/8",
        "BiomesOPlenty:gemOre/10",
        "BiomesOPlenty:gemOre/12",
        "BiomesOPlenty:gemOre/14",
        "Forestry:resources/0",
        "Forestry:resources/1",
        "Forestry:resources/2",
        "IC2:blockOreCopper/0",
        "IC2:blockOreLead/0",
        "IC2:blockOreTin/0",
        "IC2:blockOreUran/0",
        "Mekanism:OreBlock/0",
        "Mekanism:OreBlock/1",
        "Mekanism:OreBlock/2",
        "NetherOres:tile.netherores.ore.0/0",
        "NetherOres:tile.netherores.ore.0/1",
        "NetherOres:tile.netherores.ore.0/2",
        "NetherOres:tile.netherores.ore.0/3",
        "NetherOres:tile.netherores.ore.0/4",
        "NetherOres:tile.netherores.ore.0/5",
        "NetherOres:tile.netherores.ore.0/6",
        "NetherOres:tile.netherores.ore.0/7",
        "NetherOres:tile.netherores.ore.0/8",
        "NetherOres:tile.netherores.ore.0/9",
        "NetherOres:tile.netherores.ore.0/10",
        "NetherOres:tile.netherores.ore.0/11",
        "NetherOres:tile.netherores.ore.0/12",
        "NetherOres:tile.netherores.ore.0/13",
        "NetherOres:tile.netherores.ore.0/14",
        "NetherOres:tile.netherores.ore.0/15",
        "NetherOres:tile.netherores.ore.1/0",
        "NetherOres:tile.netherores.ore.1/1",
        "NetherOres:tile.netherores.ore.1/2",
        "NetherOres:tile.netherores.ore.1/3",
        "NetherOres:tile.netherores.ore.1/4",
        "NetherOres:tile.netherores.ore.1/5",
        "NetherOres:tile.netherores.ore.1/6",
        "NetherOres:tile.netherores.ore.1/7",
        "NetherOres:tile.netherores.ore.1/8",
        "NetherOres:tile.netherores.ore.1/9",
        "NetherOres:tile.netherores.ore.1/10",
        "NetherOres:tile.netherores.ore.1/11",
        "NetherOres:tile.netherores.ore.1/12",
        "NetherOres:tile.netherores.ore.1/13",
        "NetherOres:tile.netherores.ore.1/14",
        "NetherOres:tile.netherores.ore.1/15",
        "ProjRed|Exploration:projectred.exploration.ore/0",
        "ProjRed|Exploration:projectred.exploration.ore/1",
        "ProjRed|Exploration:projectred.exploration.ore/2",
        "Railcraft:tile.railcraft.ore/0",
        "Railcraft:tile.railcraft.ore/1",
        "Railcraft:tile.railcraft.ore/2",
        "Railcraft:tile.railcraft.ore/3",
        "Railcraft:tile.railcraft.ore/4",
        "Railcraft:tile.railcraft.ore/5",
        "Railcraft:tile.railcraft.ore/7",
        "Railcraft:tile.railcraft.ore/8",
        "Railcraft:tile.railcraft.ore/9",
        "Railcraft:tile.railcraft.ore/10",
        "TConstruct:GravelOre/0",
        "TConstruct:GravelOre/1",
        "TConstruct:GravelOre/2",
        "TConstruct:GravelOre/3",
        "TConstruct:GravelOre/4",
        "TConstruct:GravelOre/5",
        "TConstruct:SearedBrick/1",
        "TConstruct:SearedBrick/2",
        "TConstruct:SearedBrick/3",
        "TConstruct:SearedBrick/4",
        "TConstruct:SearedBrick/5",
        "Thaumcraft:blockCustomOre/0",
        "Thaumcraft:blockCustomOre/1",
        "Thaumcraft:blockCustomOre/2",
        "Thaumcraft:blockCustomOre/3",
        "Thaumcraft:blockCustomOre/4",
        "Thaumcraft:blockCustomOre/5",
        "Thaumcraft:blockCustomOre/6",
        "Thaumcraft:blockCustomOre/7",
        "ThermalFoundation:Ore/0",
        "ThermalFoundation:Ore/1",
        "ThermalFoundation:Ore/2",
        "ThermalFoundation:Ore/3",
        "ThermalFoundation:Ore/4",
        "ThermalFoundation:Ore/5",
        "ThermalFoundation:Ore/6",
        "appliedenergistics2:tile.OreQuartz/0",
        "appliedenergistics2:tile.OreQuartzCharged/0",
        "factorization:DarkIronOre/0",
        "factorization:ResourceBlock/0",
        "gregtech:gt.blockores/6",
        "gregtech:gt.blockores/8",
        "gregtech:gt.blockores/9",
        "gregtech:gt.blockores/18",
        "gregtech:gt.blockores/19",
        "gregtech:gt.blockores/20",
        "gregtech:gt.blockores/21",
        "gregtech:gt.blockores/22",
        "gregtech:gt.blockores/27",
        "gregtech:gt.blockores/28",
        "gregtech:gt.blockores/29",
        "gregtech:gt.blockores/30",
        "gregtech:gt.blockores/31",
        "gregtech:gt.blockores/32",
        "gregtech:gt.blockores/33",
        "gregtech:gt.blockores/34",
        "gregtech:gt.blockores/35",
        "gregtech:gt.blockores/36",
        "gregtech:gt.blockores/37",
        "gregtech:gt.blockores/43",
        "gregtech:gt.blockores/44",
        "gregtech:gt.blockores/45",
        "gregtech:gt.blockores/47",
        "gregtech:gt.blockores/48",
        "gregtech:gt.blockores/52",
        "gregtech:gt.blockores/54",
        "gregtech:gt.blockores/55",
        "gregtech:gt.blockores/56",
        "gregtech:gt.blockores/57",
        "gregtech:gt.blockores/58",
        "gregtech:gt.blockores/59",
        "gregtech:gt.blockores/62",
        "gregtech:gt.blockores/63",
        "gregtech:gt.blockores/64",
        "gregtech:gt.blockores/65",
        "gregtech:gt.blockores/66",
        "gregtech:gt.blockores/67",
        "gregtech:gt.blockores/68",
        "gregtech:gt.blockores/69",
        "gregtech:gt.blockores/70",
        "gregtech:gt.blockores/71",
        "gregtech:gt.blockores/72",
        "gregtech:gt.blockores/73",
        "gregtech:gt.blockores/74",
        "gregtech:gt.blockores/75",
        "gregtech:gt.blockores/76",
        "gregtech:gt.blockores/77",
        "gregtech:gt.blockores/78",
        "gregtech:gt.blockores/80",
        "gregtech:gt.blockores/81",
        "gregtech:gt.blockores/83",
        "gregtech:gt.blockores/84",
        "gregtech:gt.blockores/85",
        "gregtech:gt.blockores/86",
        "gregtech:gt.blockores/89",
        "gregtech:gt.blockores/90",
        "gregtech:gt.blockores/96",
        "gregtech:gt.blockores/97",
        "gregtech:gt.blockores/98",
        "gregtech:gt.blockores/100",
        "gregtech:gt.blockores/101",
        "gregtech:gt.blockores/103",
        "gregtech:gt.blockores/129",
        "gregtech:gt.blockores/307",
        "gregtech:gt.blockores/319",
        "gregtech:gt.blockores/323",
        "gregtech:gt.blockores/324",
        "gregtech:gt.blockores/326",
        "gregtech:gt.blockores/327",
        "gregtech:gt.blockores/331",
        "gregtech:gt.blockores/332",
        "gregtech:gt.blockores/333",
        "gregtech:gt.blockores/336",
        "gregtech:gt.blockores/340",
        "gregtech:gt.blockores/342",
        "gregtech:gt.blockores/347",
        "gregtech:gt.blockores/500",
        "gregtech:gt.blockores/501",
        "gregtech:gt.blockores/502",
        "gregtech:gt.blockores/503",
        "gregtech:gt.blockores/504",
        "gregtech:gt.blockores/505",
        "gregtech:gt.blockores/507",
        "gregtech:gt.blockores/508",
        "gregtech:gt.blockores/509",
        "gregtech:gt.blockores/510",
        "gregtech:gt.blockores/511",
        "gregtech:gt.blockores/512",
        "gregtech:gt.blockores/513",
        "gregtech:gt.blockores/514",
        "gregtech:gt.blockores/515",
        "gregtech:gt.blockores/516",
        "gregtech:gt.blockores/518",
        "gregtech:gt.blockores/519",
        "gregtech:gt.blockores/520",
        "gregtech:gt.blockores/521",
        "gregtech:gt.blockores/522",
        "gregtech:gt.blockores/523",
        "gregtech:gt.blockores/524",
        "gregtech:gt.blockores/525",
        "gregtech:gt.blockores/526",
        "gregtech:gt.blockores/527",
        "gregtech:gt.blockores/528",
        "gregtech:gt.blockores/529",
        "gregtech:gt.blockores/530",
        "gregtech:gt.blockores/531",
        "gregtech:gt.blockores/534",
        "gregtech:gt.blockores/535",
        "gregtech:gt.blockores/537",
        "gregtech:gt.blockores/538",
        "gregtech:gt.blockores/540",
        "gregtech:gt.blockores/541",
        "gregtech:gt.blockores/542",
        "gregtech:gt.blockores/543",
        "gregtech:gt.blockores/544",
        "gregtech:gt.blockores/545",
        "gregtech:gt.blockores/810",
        "gregtech:gt.blockores/812",
        "gregtech:gt.blockores/817",
        "gregtech:gt.blockores/820",
        "gregtech:gt.blockores/821",
        "gregtech:gt.blockores/822",
        "gregtech:gt.blockores/823",
        "gregtech:gt.blockores/824",
        "gregtech:gt.blockores/825",
        "gregtech:gt.blockores/826",
        "gregtech:gt.blockores/827",
        "gregtech:gt.blockores/828",
        "gregtech:gt.blockores/829",
        "gregtech:gt.blockores/830",
        "gregtech:gt.blockores/831",
        "gregtech:gt.blockores/833",
        "gregtech:gt.blockores/834",
        "gregtech:gt.blockores/835",
        "gregtech:gt.blockores/836",
        "gregtech:gt.blockores/838",
        "gregtech:gt.blockores/839",
        "gregtech:gt.blockores/840",
        "gregtech:gt.blockores/841",
        "gregtech:gt.blockores/842",
        "gregtech:gt.blockores/855",
        "gregtech:gt.blockores/861",
        "gregtech:gt.blockores/865",
        "gregtech:gt.blockores/870",
        "gregtech:gt.blockores/871",
        "gregtech:gt.blockores/873",
        "gregtech:gt.blockores/877",
        "gregtech:gt.blockores/878",
        "gregtech:gt.blockores/882",
        "gregtech:gt.blockores/883",
        "gregtech:gt.blockores/884",
        "gregtech:gt.blockores/900",
        "gregtech:gt.blockores/901",
        "gregtech:gt.blockores/902",
        "gregtech:gt.blockores/903",
        "gregtech:gt.blockores/904",
        "gregtech:gt.blockores/905",
        "gregtech:gt.blockores/906",
        "gregtech:gt.blockores/907",
        "gregtech:gt.blockores/908",
        "gregtech:gt.blockores/909",
        "gregtech:gt.blockores/910",
        "gregtech:gt.blockores/911",
        "gregtech:gt.blockores/912",
        "gregtech:gt.blockores/913",
        "gregtech:gt.blockores/914",
        "gregtech:gt.blockores/915",
        "gregtech:gt.blockores/916",
        "gregtech:gt.blockores/917",
        "gregtech:gt.blockores/918",
        "gregtech:gt.blockores/919",
        "gregtech:gt.blockores/920",
        "gregtech:gt.blockores/921",
        "gregtech:gt.blockores/922",
        "gregtech:gt.blockores/923",
        "gregtech:gt.blockores/924",
        "gregtech:gt.blockores/925",
        "gregtech:gt.blockores/926",
        "gregtech:gt.blockores/927",
        "gregtech:gt.blockores/928",
        "gregtech:gt.blockores/929",
        "gregtech:gt.blockores/930",
        "gregtech:gt.blockores/931",
        "gregtech:gt.blockores/932",
        "gregtech:gt.blockores/933",
        "gregtech:gt.blockores/934",
        "gregtech:gt.blockores/935",
        "gregtech:gt.blockores/936",
        "gregtech:gt.blockores/937",
        "gregtech:gt.blockores/938",
        "gregtech:gt.blockores/939",
        "gregtech:gt.blockores/941",
        "gregtech:gt.blockores/942",
        "gregtech:gt.blockores/943",
        "gregtech:gt.blockores/944",
        "gregtech:gt.blockores/945",
        "gregtech:gt.blockores/946",
        "gregtech:gt.blockores/948",
        "gregtech:gt.blockores/1006",
        "gregtech:gt.blockores/1008",
        "gregtech:gt.blockores/1009",
        "gregtech:gt.blockores/1018",
        "gregtech:gt.blockores/1019",
        "gregtech:gt.blockores/1020",
        "gregtech:gt.blockores/1021",
        "gregtech:gt.blockores/1022",
        "gregtech:gt.blockores/1027",
        "gregtech:gt.blockores/1028",
        "gregtech:gt.blockores/1029",
        "gregtech:gt.blockores/1030",
        "gregtech:gt.blockores/1031",
        "gregtech:gt.blockores/1032",
        "gregtech:gt.blockores/1033",
        "gregtech:gt.blockores/1034",
        "gregtech:gt.blockores/1035",
        "gregtech:gt.blockores/1036",
        "gregtech:gt.blockores/1037",
        "gregtech:gt.blockores/1043",
        "gregtech:gt.blockores/1044",
        "gregtech:gt.blockores/1045",
        "gregtech:gt.blockores/1047",
        "gregtech:gt.blockores/1048",
        "gregtech:gt.blockores/1052",
        "gregtech:gt.blockores/1054",
        "gregtech:gt.blockores/1055",
        "gregtech:gt.blockores/1056",
        "gregtech:gt.blockores/1057",
        "gregtech:gt.blockores/1058",
        "gregtech:gt.blockores/1059",
        "gregtech:gt.blockores/1062",
        "gregtech:gt.blockores/1063",
        "gregtech:gt.blockores/1064",
        "gregtech:gt.blockores/1065",
        "gregtech:gt.blockores/1066",
        "gregtech:gt.blockores/1067",
        "gregtech:gt.blockores/1068",
        "gregtech:gt.blockores/1069",
        "gregtech:gt.blockores/1070",
        "gregtech:gt.blockores/1071",
        "gregtech:gt.blockores/1072",
        "gregtech:gt.blockores/1073",
        "gregtech:gt.blockores/1074",
        "gregtech:gt.blockores/1075",
        "gregtech:gt.blockores/1076",
        "gregtech:gt.blockores/1077",
        "gregtech:gt.blockores/1078",
        "gregtech:gt.blockores/1080",
        "gregtech:gt.blockores/1081",
        "gregtech:gt.blockores/1083",
        "gregtech:gt.blockores/1084",
        "gregtech:gt.blockores/1085",
        "gregtech:gt.blockores/1086",
        "gregtech:gt.blockores/1089",
        "gregtech:gt.blockores/1090",
        "gregtech:gt.blockores/1096",
        "gregtech:gt.blockores/1097",
        "gregtech:gt.blockores/1098",
        "gregtech:gt.blockores/1100",
        "gregtech:gt.blockores/1101",
        "gregtech:gt.blockores/1103",
        "gregtech:gt.blockores/1129",
        "gregtech:gt.blockores/1307",
        "gregtech:gt.blockores/1319",
        "gregtech:gt.blockores/1323",
        "gregtech:gt.blockores/1324",
        "gregtech:gt.blockores/1326",
        "gregtech:gt.blockores/1327",
        "gregtech:gt.blockores/1331",
        "gregtech:gt.blockores/1332",
        "gregtech:gt.blockores/1333",
        "gregtech:gt.blockores/1336",
        "gregtech:gt.blockores/1340",
        "gregtech:gt.blockores/1342",
        "gregtech:gt.blockores/1347",
        "gregtech:gt.blockores/1500",
        "gregtech:gt.blockores/1501",
        "gregtech:gt.blockores/1502",
        "gregtech:gt.blockores/1503",
        "gregtech:gt.blockores/1504",
        "gregtech:gt.blockores/1505",
        "gregtech:gt.blockores/1507",
        "gregtech:gt.blockores/1508",
        "gregtech:gt.blockores/1509",
        "gregtech:gt.blockores/1510",
        "gregtech:gt.blockores/1511",
        "gregtech:gt.blockores/1512",
        "gregtech:gt.blockores/1513",
        "gregtech:gt.blockores/1514",
        "gregtech:gt.blockores/1515",
        "gregtech:gt.blockores/1516",
        "gregtech:gt.blockores/1518",
        "gregtech:gt.blockores/1519",
        "gregtech:gt.blockores/1520",
        "gregtech:gt.blockores/1521",
        "gregtech:gt.blockores/1522",
        "gregtech:gt.blockores/1523",
        "gregtech:gt.blockores/1524",
        "gregtech:gt.blockores/1525",
        "gregtech:gt.blockores/1526",
        "gregtech:gt.blockores/1527",
        "gregtech:gt.blockores/1528",
        "gregtech:gt.blockores/1529",
        "gregtech:gt.blockores/1530",
        "gregtech:gt.blockores/1531",
        "gregtech:gt.blockores/1534",
        "gregtech:gt.blockores/1535",
        "gregtech:gt.blockores/1537",
        "gregtech:gt.blockores/1538",
        "gregtech:gt.blockores/1540",
        "gregtech:gt.blockores/1541",
        "gregtech:gt.blockores/1542",
        "gregtech:gt.blockores/1543",
        "gregtech:gt.blockores/1544",
        "gregtech:gt.blockores/1545",
        "gregtech:gt.blockores/1810",
        "gregtech:gt.blockores/1812",
        "gregtech:gt.blockores/1817",
        "gregtech:gt.blockores/1820",
        "gregtech:gt.blockores/1821",
        "gregtech:gt.blockores/1822",
        "gregtech:gt.blockores/1823",
        "gregtech:gt.blockores/1824",
        "gregtech:gt.blockores/1825",
        "gregtech:gt.blockores/1826",
        "gregtech:gt.blockores/1827",
        "gregtech:gt.blockores/1828",
        "gregtech:gt.blockores/1829",
        "gregtech:gt.blockores/1830",
        "gregtech:gt.blockores/1831",
        "gregtech:gt.blockores/1833",
        "gregtech:gt.blockores/1834",
        "gregtech:gt.blockores/1835",
        "gregtech:gt.blockores/1836",
        "gregtech:gt.blockores/1838",
        "gregtech:gt.blockores/1839",
        "gregtech:gt.blockores/1840",
        "gregtech:gt.blockores/1841",
        "gregtech:gt.blockores/1842",
        "gregtech:gt.blockores/1855",
        "gregtech:gt.blockores/1861",
        "gregtech:gt.blockores/1865",
        "gregtech:gt.blockores/1870",
        "gregtech:gt.blockores/1871",
        "gregtech:gt.blockores/1873",
        "gregtech:gt.blockores/1877",
        "gregtech:gt.blockores/1878",
        "gregtech:gt.blockores/1882",
        "gregtech:gt.blockores/1883",
        "gregtech:gt.blockores/1884",
        "gregtech:gt.blockores/1900",
        "gregtech:gt.blockores/1901",
        "gregtech:gt.blockores/1902",
        "gregtech:gt.blockores/1903",
        "gregtech:gt.blockores/1904",
        "gregtech:gt.blockores/1905",
        "gregtech:gt.blockores/1906",
        "gregtech:gt.blockores/1907",
        "gregtech:gt.blockores/1908",
        "gregtech:gt.blockores/1909",
        "gregtech:gt.blockores/1910",
        "gregtech:gt.blockores/1911",
        "gregtech:gt.blockores/1912",
        "gregtech:gt.blockores/1913",
        "gregtech:gt.blockores/1914",
        "gregtech:gt.blockores/1915",
        "gregtech:gt.blockores/1916",
        "gregtech:gt.blockores/1917",
        "gregtech:gt.blockores/1918",
        "gregtech:gt.blockores/1919",
        "gregtech:gt.blockores/1920",
        "gregtech:gt.blockores/1921",
        "gregtech:gt.blockores/1922",
        "gregtech:gt.blockores/1923",
        "gregtech:gt.blockores/1924",
        "gregtech:gt.blockores/1925",
        "gregtech:gt.blockores/1926",
        "gregtech:gt.blockores/1927",
        "gregtech:gt.blockores/1928",
        "gregtech:gt.blockores/1929",
        "gregtech:gt.blockores/1930",
        "gregtech:gt.blockores/1931",
        "gregtech:gt.blockores/1932",
        "gregtech:gt.blockores/1933",
        "gregtech:gt.blockores/1934",
        "gregtech:gt.blockores/1935",
        "gregtech:gt.blockores/1936",
        "gregtech:gt.blockores/1937",
        "gregtech:gt.blockores/1938",
        "gregtech:gt.blockores/1939",
        "gregtech:gt.blockores/1941",
        "gregtech:gt.blockores/1942",
        "gregtech:gt.blockores/1943",
        "gregtech:gt.blockores/1944",
        "gregtech:gt.blockores/1945",
        "gregtech:gt.blockores/1946",
        "gregtech:gt.blockores/1948",
        "gregtech:gt.blockores/2006",
        "gregtech:gt.blockores/2008",
        "gregtech:gt.blockores/2009",
        "gregtech:gt.blockores/2018",
        "gregtech:gt.blockores/2019",
        "gregtech:gt.blockores/2020",
        "gregtech:gt.blockores/2021",
        "gregtech:gt.blockores/2022",
        "gregtech:gt.blockores/2027",
        "gregtech:gt.blockores/2028",
        "gregtech:gt.blockores/2029",
        "gregtech:gt.blockores/2030",
        "gregtech:gt.blockores/2031",
        "gregtech:gt.blockores/2032",
        "gregtech:gt.blockores/2033",
        "gregtech:gt.blockores/2034",
        "gregtech:gt.blockores/2035",
        "gregtech:gt.blockores/2036",
        "gregtech:gt.blockores/2037",
        "gregtech:gt.blockores/2043",
        "gregtech:gt.blockores/2044",
        "gregtech:gt.blockores/2045",
        "gregtech:gt.blockores/2047",
        "gregtech:gt.blockores/2048",
        "gregtech:gt.blockores/2052",
        "gregtech:gt.blockores/2054",
        "gregtech:gt.blockores/2055",
        "gregtech:gt.blockores/2056",
        "gregtech:gt.blockores/2057",
        "gregtech:gt.blockores/2058",
        "gregtech:gt.blockores/2059",
        "gregtech:gt.blockores/2062",
        "gregtech:gt.blockores/2063",
        "gregtech:gt.blockores/2064",
        "gregtech:gt.blockores/2065",
        "gregtech:gt.blockores/2066",
        "gregtech:gt.blockores/2067",
        "gregtech:gt.blockores/2068",
        "gregtech:gt.blockores/2069",
        "gregtech:gt.blockores/2070",
        "gregtech:gt.blockores/2071",
        "gregtech:gt.blockores/2072",
        "gregtech:gt.blockores/2073",
        "gregtech:gt.blockores/2074",
        "gregtech:gt.blockores/2075",
        "gregtech:gt.blockores/2076",
        "gregtech:gt.blockores/2077",
        "gregtech:gt.blockores/2078",
        "gregtech:gt.blockores/2080",
        "gregtech:gt.blockores/2081",
        "gregtech:gt.blockores/2083",
        "gregtech:gt.blockores/2084",
        "gregtech:gt.blockores/2085",
        "gregtech:gt.blockores/2086",
        "gregtech:gt.blockores/2089",
        "gregtech:gt.blockores/2090",
        "gregtech:gt.blockores/2096",
        "gregtech:gt.blockores/2097",
        "gregtech:gt.blockores/2098",
        "gregtech:gt.blockores/2100",
        "gregtech:gt.blockores/2101",
        "gregtech:gt.blockores/2103",
        "gregtech:gt.blockores/2129",
        "gregtech:gt.blockores/2307",
        "gregtech:gt.blockores/2319",
        "gregtech:gt.blockores/2323",
        "gregtech:gt.blockores/2324",
        "gregtech:gt.blockores/2326",
        "gregtech:gt.blockores/2327",
        "gregtech:gt.blockores/2331",
        "gregtech:gt.blockores/2332",
        "gregtech:gt.blockores/2333",
        "gregtech:gt.blockores/2336",
        "gregtech:gt.blockores/2340",
        "gregtech:gt.blockores/2342",
        "gregtech:gt.blockores/2347",
        "gregtech:gt.blockores/2500",
        "gregtech:gt.blockores/2501",
        "gregtech:gt.blockores/2502",
        "gregtech:gt.blockores/2503",
        "gregtech:gt.blockores/2504",
        "gregtech:gt.blockores/2505",
        "gregtech:gt.blockores/2507",
        "gregtech:gt.blockores/2508",
        "gregtech:gt.blockores/2509",
        "gregtech:gt.blockores/2510",
        "gregtech:gt.blockores/2511",
        "gregtech:gt.blockores/2512",
        "gregtech:gt.blockores/2513",
        "gregtech:gt.blockores/2514",
        "gregtech:gt.blockores/2515",
        "gregtech:gt.blockores/2516",
        "gregtech:gt.blockores/2518",
        "gregtech:gt.blockores/2519",
        "gregtech:gt.blockores/2520",
        "gregtech:gt.blockores/2521",
        "gregtech:gt.blockores/2522",
        "gregtech:gt.blockores/2523",
        "gregtech:gt.blockores/2524",
        "gregtech:gt.blockores/2525",
        "gregtech:gt.blockores/2526",
        "gregtech:gt.blockores/2527",
        "gregtech:gt.blockores/2528",
        "gregtech:gt.blockores/2529",
        "gregtech:gt.blockores/2530",
        "gregtech:gt.blockores/2531",
        "gregtech:gt.blockores/2534",
        "gregtech:gt.blockores/2535",
        "gregtech:gt.blockores/2537",
        "gregtech:gt.blockores/2538",
        "gregtech:gt.blockores/2540",
        "gregtech:gt.blockores/2541",
        "gregtech:gt.blockores/2542",
        "gregtech:gt.blockores/2543",
        "gregtech:gt.blockores/2544",
        "gregtech:gt.blockores/2545",
        "gregtech:gt.blockores/2810",
        "gregtech:gt.blockores/2812",
        "gregtech:gt.blockores/2817",
        "gregtech:gt.blockores/2820",
        "gregtech:gt.blockores/2821",
        "gregtech:gt.blockores/2822",
        "gregtech:gt.blockores/2823",
        "gregtech:gt.blockores/2824",
        "gregtech:gt.blockores/2825",
        "gregtech:gt.blockores/2826",
        "gregtech:gt.blockores/2827",
        "gregtech:gt.blockores/2828",
        "gregtech:gt.blockores/2829",
        "gregtech:gt.blockores/2830",
        "gregtech:gt.blockores/2831",
        "gregtech:gt.blockores/2833",
        "gregtech:gt.blockores/2834",
        "gregtech:gt.blockores/2835",
        "gregtech:gt.blockores/2836",
        "gregtech:gt.blockores/2838",
        "gregtech:gt.blockores/2839",
        "gregtech:gt.blockores/2840",
        "gregtech:gt.blockores/2841",
        "gregtech:gt.blockores/2842",
        "gregtech:gt.blockores/2855",
        "gregtech:gt.blockores/2861",
        "gregtech:gt.blockores/2865",
        "gregtech:gt.blockores/2870",
        "gregtech:gt.blockores/2871",
        "gregtech:gt.blockores/2873",
        "gregtech:gt.blockores/2877",
        "gregtech:gt.blockores/2878",
        "gregtech:gt.blockores/2882",
        "gregtech:gt.blockores/2883",
        "gregtech:gt.blockores/2884",
        "gregtech:gt.blockores/2900",
        "gregtech:gt.blockores/2901",
        "gregtech:gt.blockores/2902",
        "gregtech:gt.blockores/2903",
        "gregtech:gt.blockores/2904",
        "gregtech:gt.blockores/2905",
        "gregtech:gt.blockores/2906",
        "gregtech:gt.blockores/2907",
        "gregtech:gt.blockores/2908",
        "gregtech:gt.blockores/2909",
        "gregtech:gt.blockores/2910",
        "gregtech:gt.blockores/2911",
        "gregtech:gt.blockores/2912",
        "gregtech:gt.blockores/2913",
        "gregtech:gt.blockores/2914",
        "gregtech:gt.blockores/2915",
        "gregtech:gt.blockores/2916",
        "gregtech:gt.blockores/2917",
        "gregtech:gt.blockores/2918",
        "gregtech:gt.blockores/2919",
        "gregtech:gt.blockores/2920",
        "gregtech:gt.blockores/2921",
        "gregtech:gt.blockores/2922",
        "gregtech:gt.blockores/2923",
        "gregtech:gt.blockores/2924",
        "gregtech:gt.blockores/2925",
        "gregtech:gt.blockores/2926",
        "gregtech:gt.blockores/2927",
        "gregtech:gt.blockores/2928",
        "gregtech:gt.blockores/2929",
        "gregtech:gt.blockores/2930",
        "gregtech:gt.blockores/2931",
        "gregtech:gt.blockores/2932",
        "gregtech:gt.blockores/2933",
        "gregtech:gt.blockores/2934",
        "gregtech:gt.blockores/2935",
        "gregtech:gt.blockores/2936",
        "gregtech:gt.blockores/2937",
        "gregtech:gt.blockores/2938",
        "gregtech:gt.blockores/2939",
        "gregtech:gt.blockores/2941",
        "gregtech:gt.blockores/2942",
        "gregtech:gt.blockores/2943",
        "gregtech:gt.blockores/2944",
        "gregtech:gt.blockores/2945",
        "gregtech:gt.blockores/2946",
        "gregtech:gt.blockores/2948",
        "gregtech:gt.blockores/3006",
        "gregtech:gt.blockores/3008",
        "gregtech:gt.blockores/3009",
        "gregtech:gt.blockores/3018",
        "gregtech:gt.blockores/3019",
        "gregtech:gt.blockores/3020",
        "gregtech:gt.blockores/3021",
        "gregtech:gt.blockores/3022",
        "gregtech:gt.blockores/3027",
        "gregtech:gt.blockores/3028",
        "gregtech:gt.blockores/3029",
        "gregtech:gt.blockores/3030",
        "gregtech:gt.blockores/3031",
        "gregtech:gt.blockores/3032",
        "gregtech:gt.blockores/3033",
        "gregtech:gt.blockores/3034",
        "gregtech:gt.blockores/3035",
        "gregtech:gt.blockores/3036",
        "gregtech:gt.blockores/3037",
        "gregtech:gt.blockores/3043",
        "gregtech:gt.blockores/3044",
        "gregtech:gt.blockores/3045",
        "gregtech:gt.blockores/3047",
        "gregtech:gt.blockores/3048",
        "gregtech:gt.blockores/3052",
        "gregtech:gt.blockores/3054",
        "gregtech:gt.blockores/3055",
        "gregtech:gt.blockores/3056",
        "gregtech:gt.blockores/3057",
        "gregtech:gt.blockores/3058",
        "gregtech:gt.blockores/3059",
        "gregtech:gt.blockores/3062",
        "gregtech:gt.blockores/3063",
        "gregtech:gt.blockores/3064",
        "gregtech:gt.blockores/3065",
        "gregtech:gt.blockores/3066",
        "gregtech:gt.blockores/3067",
        "gregtech:gt.blockores/3068",
        "gregtech:gt.blockores/3069",
        "gregtech:gt.blockores/3070",
        "gregtech:gt.blockores/3071",
        "gregtech:gt.blockores/3072",
        "gregtech:gt.blockores/3073",
        "gregtech:gt.blockores/3074",
        "gregtech:gt.blockores/3075",
        "gregtech:gt.blockores/3076",
        "gregtech:gt.blockores/3077",
        "gregtech:gt.blockores/3078",
        "gregtech:gt.blockores/3080",
        "gregtech:gt.blockores/3081",
        "gregtech:gt.blockores/3083",
        "gregtech:gt.blockores/3084",
        "gregtech:gt.blockores/3085",
        "gregtech:gt.blockores/3086",
        "gregtech:gt.blockores/3089",
        "gregtech:gt.blockores/3090",
        "gregtech:gt.blockores/3096",
        "gregtech:gt.blockores/3097",
        "gregtech:gt.blockores/3098",
        "gregtech:gt.blockores/3100",
        "gregtech:gt.blockores/3101",
        "gregtech:gt.blockores/3103",
        "gregtech:gt.blockores/3129",
        "gregtech:gt.blockores/3307",
        "gregtech:gt.blockores/3319",
        "gregtech:gt.blockores/3323",
        "gregtech:gt.blockores/3324",
        "gregtech:gt.blockores/3326",
        "gregtech:gt.blockores/3327",
        "gregtech:gt.blockores/3331",
        "gregtech:gt.blockores/3332",
        "gregtech:gt.blockores/3333",
        "gregtech:gt.blockores/3336",
        "gregtech:gt.blockores/3340",
        "gregtech:gt.blockores/3342",
        "gregtech:gt.blockores/3347",
        "gregtech:gt.blockores/3500",
        "gregtech:gt.blockores/3501",
        "gregtech:gt.blockores/3502",
        "gregtech:gt.blockores/3503",
        "gregtech:gt.blockores/3504",
        "gregtech:gt.blockores/3505",
        "gregtech:gt.blockores/3507",
        "gregtech:gt.blockores/3508",
        "gregtech:gt.blockores/3509",
        "gregtech:gt.blockores/3510",
        "gregtech:gt.blockores/3511",
        "gregtech:gt.blockores/3512",
        "gregtech:gt.blockores/3513",
        "gregtech:gt.blockores/3514",
        "gregtech:gt.blockores/3515",
        "gregtech:gt.blockores/3516",
        "gregtech:gt.blockores/3518",
        "gregtech:gt.blockores/3519",
        "gregtech:gt.blockores/3520",
        "gregtech:gt.blockores/3521",
        "gregtech:gt.blockores/3522",
        "gregtech:gt.blockores/3523",
        "gregtech:gt.blockores/3524",
        "gregtech:gt.blockores/3525",
        "gregtech:gt.blockores/3526",
        "gregtech:gt.blockores/3527",
        "gregtech:gt.blockores/3528",
        "gregtech:gt.blockores/3529",
        "gregtech:gt.blockores/3530",
        "gregtech:gt.blockores/3531",
        "gregtech:gt.blockores/3534",
        "gregtech:gt.blockores/3535",
        "gregtech:gt.blockores/3537",
        "gregtech:gt.blockores/3538",
        "gregtech:gt.blockores/3540",
        "gregtech:gt.blockores/3541",
        "gregtech:gt.blockores/3542",
        "gregtech:gt.blockores/3543",
        "gregtech:gt.blockores/3544",
        "gregtech:gt.blockores/3545",
        "gregtech:gt.blockores/3810",
        "gregtech:gt.blockores/3812",
        "gregtech:gt.blockores/3817",
        "gregtech:gt.blockores/3820",
        "gregtech:gt.blockores/3821",
        "gregtech:gt.blockores/3822",
        "gregtech:gt.blockores/3823",
        "gregtech:gt.blockores/3824",
        "gregtech:gt.blockores/3825",
        "gregtech:gt.blockores/3826",
        "gregtech:gt.blockores/3827",
        "gregtech:gt.blockores/3828",
        "gregtech:gt.blockores/3829",
        "gregtech:gt.blockores/3830",
        "gregtech:gt.blockores/3831",
        "gregtech:gt.blockores/3833",
        "gregtech:gt.blockores/3834",
        "gregtech:gt.blockores/3835",
        "gregtech:gt.blockores/3836",
        "gregtech:gt.blockores/3838",
        "gregtech:gt.blockores/3839",
        "gregtech:gt.blockores/3840",
        "gregtech:gt.blockores/3841",
        "gregtech:gt.blockores/3842",
        "gregtech:gt.blockores/3855",
        "gregtech:gt.blockores/3861",
        "gregtech:gt.blockores/3865",
        "gregtech:gt.blockores/3870",
        "gregtech:gt.blockores/3871",
        "gregtech:gt.blockores/3873",
        "gregtech:gt.blockores/3877",
        "gregtech:gt.blockores/3878",
        "gregtech:gt.blockores/3882",
        "gregtech:gt.blockores/3883",
        "gregtech:gt.blockores/3884",
        "gregtech:gt.blockores/3900",
        "gregtech:gt.blockores/3901",
        "gregtech:gt.blockores/3902",
        "gregtech:gt.blockores/3903",
        "gregtech:gt.blockores/3904",
        "gregtech:gt.blockores/3905",
        "gregtech:gt.blockores/3906",
        "gregtech:gt.blockores/3907",
        "gregtech:gt.blockores/3908",
        "gregtech:gt.blockores/3909",
        "gregtech:gt.blockores/3910",
        "gregtech:gt.blockores/3911",
        "gregtech:gt.blockores/3912",
        "gregtech:gt.blockores/3913",
        "gregtech:gt.blockores/3914",
        "gregtech:gt.blockores/3915",
        "gregtech:gt.blockores/3916",
        "gregtech:gt.blockores/3917",
        "gregtech:gt.blockores/3918",
        "gregtech:gt.blockores/3919",
        "gregtech:gt.blockores/3920",
        "gregtech:gt.blockores/3921",
        "gregtech:gt.blockores/3922",
        "gregtech:gt.blockores/3923",
        "gregtech:gt.blockores/3924",
        "gregtech:gt.blockores/3925",
        "gregtech:gt.blockores/3926",
        "gregtech:gt.blockores/3927",
        "gregtech:gt.blockores/3928",
        "gregtech:gt.blockores/3929",
        "gregtech:gt.blockores/3930",
        "gregtech:gt.blockores/3931",
        "gregtech:gt.blockores/3932",
        "gregtech:gt.blockores/3933",
        "gregtech:gt.blockores/3934",
        "gregtech:gt.blockores/3935",
        "gregtech:gt.blockores/3936",
        "gregtech:gt.blockores/3937",
        "gregtech:gt.blockores/3938",
        "gregtech:gt.blockores/3939",
        "gregtech:gt.blockores/3941",
        "gregtech:gt.blockores/3942",
        "gregtech:gt.blockores/3943",
        "gregtech:gt.blockores/3944",
        "gregtech:gt.blockores/3945",
        "gregtech:gt.blockores/3946",
        "gregtech:gt.blockores/3948",
        "gregtech:gt.blockores/4006",
        "gregtech:gt.blockores/4008",
        "gregtech:gt.blockores/4009",
        "gregtech:gt.blockores/4018",
        "gregtech:gt.blockores/4019",
        "gregtech:gt.blockores/4020",
        "gregtech:gt.blockores/4021",
        "gregtech:gt.blockores/4022",
        "gregtech:gt.blockores/4027",
        "gregtech:gt.blockores/4028",
        "gregtech:gt.blockores/4029",
        "gregtech:gt.blockores/4030",
        "gregtech:gt.blockores/4031",
        "gregtech:gt.blockores/4032",
        "gregtech:gt.blockores/4033",
        "gregtech:gt.blockores/4034",
        "gregtech:gt.blockores/4035",
        "gregtech:gt.blockores/4036",
        "gregtech:gt.blockores/4037",
        "gregtech:gt.blockores/4043",
        "gregtech:gt.blockores/4044",
        "gregtech:gt.blockores/4045",
        "gregtech:gt.blockores/4047",
        "gregtech:gt.blockores/4048",
        "gregtech:gt.blockores/4052",
        "gregtech:gt.blockores/4054",
        "gregtech:gt.blockores/4055",
        "gregtech:gt.blockores/4056",
        "gregtech:gt.blockores/4057",
        "gregtech:gt.blockores/4058",
        "gregtech:gt.blockores/4059",
        "gregtech:gt.blockores/4062",
        "gregtech:gt.blockores/4063",
        "gregtech:gt.blockores/4064",
        "gregtech:gt.blockores/4065",
        "gregtech:gt.blockores/4066",
        "gregtech:gt.blockores/4067",
        "gregtech:gt.blockores/4068",
        "gregtech:gt.blockores/4069",
        "gregtech:gt.blockores/4070",
        "gregtech:gt.blockores/4071",
        "gregtech:gt.blockores/4072",
        "gregtech:gt.blockores/4073",
        "gregtech:gt.blockores/4074",
        "gregtech:gt.blockores/4075",
        "gregtech:gt.blockores/4076",
        "gregtech:gt.blockores/4077",
        "gregtech:gt.blockores/4078",
        "gregtech:gt.blockores/4080",
        "gregtech:gt.blockores/4081",
        "gregtech:gt.blockores/4083",
        "gregtech:gt.blockores/4084",
        "gregtech:gt.blockores/4085",
        "gregtech:gt.blockores/4086",
        "gregtech:gt.blockores/4089",
        "gregtech:gt.blockores/4090",
        "gregtech:gt.blockores/4096",
        "gregtech:gt.blockores/4097",
        "gregtech:gt.blockores/4098",
        "gregtech:gt.blockores/4100",
        "gregtech:gt.blockores/4101",
        "gregtech:gt.blockores/4103",
        "gregtech:gt.blockores/4129",
        "gregtech:gt.blockores/4307",
        "gregtech:gt.blockores/4319",
        "gregtech:gt.blockores/4323",
        "gregtech:gt.blockores/4324",
        "gregtech:gt.blockores/4326",
        "gregtech:gt.blockores/4327",
        "gregtech:gt.blockores/4331",
        "gregtech:gt.blockores/4332",
        "gregtech:gt.blockores/4333",
        "gregtech:gt.blockores/4336",
        "gregtech:gt.blockores/4340",
        "gregtech:gt.blockores/4342",
        "gregtech:gt.blockores/4347",
        "gregtech:gt.blockores/4500",
        "gregtech:gt.blockores/4501",
        "gregtech:gt.blockores/4502",
        "gregtech:gt.blockores/4503",
        "gregtech:gt.blockores/4504",
        "gregtech:gt.blockores/4505",
        "gregtech:gt.blockores/4507",
        "gregtech:gt.blockores/4508",
        "gregtech:gt.blockores/4509",
        "gregtech:gt.blockores/4510",
        "gregtech:gt.blockores/4511",
        "gregtech:gt.blockores/4512",
        "gregtech:gt.blockores/4513",
        "gregtech:gt.blockores/4514",
        "gregtech:gt.blockores/4515",
        "gregtech:gt.blockores/4516",
        "gregtech:gt.blockores/4518",
        "gregtech:gt.blockores/4519",
        "gregtech:gt.blockores/4520",
        "gregtech:gt.blockores/4521",
        "gregtech:gt.blockores/4522",
        "gregtech:gt.blockores/4523",
        "gregtech:gt.blockores/4524",
        "gregtech:gt.blockores/4525",
        "gregtech:gt.blockores/4526",
        "gregtech:gt.blockores/4527",
        "gregtech:gt.blockores/4528",
        "gregtech:gt.blockores/4529",
        "gregtech:gt.blockores/4530",
        "gregtech:gt.blockores/4531",
        "gregtech:gt.blockores/4534",
        "gregtech:gt.blockores/4535",
        "gregtech:gt.blockores/4537",
        "gregtech:gt.blockores/4538",
        "gregtech:gt.blockores/4540",
        "gregtech:gt.blockores/4541",
        "gregtech:gt.blockores/4542",
        "gregtech:gt.blockores/4543",
        "gregtech:gt.blockores/4544",
        "gregtech:gt.blockores/4545",
        "gregtech:gt.blockores/4810",
        "gregtech:gt.blockores/4812",
        "gregtech:gt.blockores/4817",
        "gregtech:gt.blockores/4820",
        "gregtech:gt.blockores/4821",
        "gregtech:gt.blockores/4822",
        "gregtech:gt.blockores/4823",
        "gregtech:gt.blockores/4824",
        "gregtech:gt.blockores/4825",
        "gregtech:gt.blockores/4826",
        "gregtech:gt.blockores/4827",
        "gregtech:gt.blockores/4828",
        "gregtech:gt.blockores/4829",
        "gregtech:gt.blockores/4830",
        "gregtech:gt.blockores/4831",
        "gregtech:gt.blockores/4833",
        "gregtech:gt.blockores/4834",
        "gregtech:gt.blockores/4835",
        "gregtech:gt.blockores/4836",
        "gregtech:gt.blockores/4838",
        "gregtech:gt.blockores/4839",
        "gregtech:gt.blockores/4840",
        "gregtech:gt.blockores/4841",
        "gregtech:gt.blockores/4842",
        "gregtech:gt.blockores/4855",
        "gregtech:gt.blockores/4861",
        "gregtech:gt.blockores/4865",
        "gregtech:gt.blockores/4870",
        "gregtech:gt.blockores/4871",
        "gregtech:gt.blockores/4873",
        "gregtech:gt.blockores/4877",
        "gregtech:gt.blockores/4878",
        "gregtech:gt.blockores/4882",
        "gregtech:gt.blockores/4883",
        "gregtech:gt.blockores/4884",
        "gregtech:gt.blockores/4900",
        "gregtech:gt.blockores/4901",
        "gregtech:gt.blockores/4902",
        "gregtech:gt.blockores/4903",
        "gregtech:gt.blockores/4904",
        "gregtech:gt.blockores/4905",
        "gregtech:gt.blockores/4906",
        "gregtech:gt.blockores/4907",
        "gregtech:gt.blockores/4908",
        "gregtech:gt.blockores/4909",
        "gregtech:gt.blockores/4910",
        "gregtech:gt.blockores/4911",
        "gregtech:gt.blockores/4912",
        "gregtech:gt.blockores/4913",
        "gregtech:gt.blockores/4914",
        "gregtech:gt.blockores/4915",
        "gregtech:gt.blockores/4916",
        "gregtech:gt.blockores/4917",
        "gregtech:gt.blockores/4918",
        "gregtech:gt.blockores/4919",
        "gregtech:gt.blockores/4920",
        "gregtech:gt.blockores/4921",
        "gregtech:gt.blockores/4922",
        "gregtech:gt.blockores/4923",
        "gregtech:gt.blockores/4924",
        "gregtech:gt.blockores/4925",
        "gregtech:gt.blockores/4926",
        "gregtech:gt.blockores/4927",
        "gregtech:gt.blockores/4928",
        "gregtech:gt.blockores/4929",
        "gregtech:gt.blockores/4930",
        "gregtech:gt.blockores/4931",
        "gregtech:gt.blockores/4932",
        "gregtech:gt.blockores/4933",
        "gregtech:gt.blockores/4934",
        "gregtech:gt.blockores/4935",
        "gregtech:gt.blockores/4936",
        "gregtech:gt.blockores/4937",
        "gregtech:gt.blockores/4938",
        "gregtech:gt.blockores/4939",
        "gregtech:gt.blockores/4941",
        "gregtech:gt.blockores/4942",
        "gregtech:gt.blockores/4943",
        "gregtech:gt.blockores/4944",
        "gregtech:gt.blockores/4945",
        "gregtech:gt.blockores/4946",
        "gregtech:gt.blockores/4948",
        "minecraft:coal_ore",
        "minecraft:cobblestone_wall",
        "minecraft:diamond_ore",
        "minecraft:emerald_ore",
        "minecraft:glowstone",
        "minecraft:gold_ore",
        "minecraft:iron_ore",
        "minecraft:lapis_ore",
        "minecraft:lit_redstone_ore",
        "minecraft:mossy_cobblestone",
        "minecraft:nether_brick_fence",
        "minecraft:obsidian",
        "minecraft:quartz_ore",
        "minecraft:redstone_ore"
      ]
    },
    "shears": {
      "name": "Shears",
      "icon": "minecraft:shears",
      "toollist": [
        "BiomesOPlenty:scytheAmethyst",
        "BiomesOPlenty:scytheDiamond",
        "BiomesOPlenty:scytheGold",
        "BiomesOPlenty:scytheIron",
        "BiomesOPlenty:scytheMud",
        "BiomesOPlenty:scytheStone",
        "BiomesOPlenty:scytheWood",
        "IC2:itemToolBronzeHoe",
        "minecraft:shears"
      ],
      "blocklist": [
        "BiomesOPlenty:appleLeaves",
        "BiomesOPlenty:colorizedLeaves1",
        "BiomesOPlenty:colorizedLeaves2",
        "BiomesOPlenty:leaves1",
        "BiomesOPlenty:leaves2",
        "BiomesOPlenty:leaves3",
        "BiomesOPlenty:leaves4",
        "BiomesOPlenty:persimmonLeaves",
        "IC2:blockRubLeaves",
        "MineFactoryReloaded:tile.mfr.rubberwood.leaves/0",
        "TwilightForest:tile.TFLeaves",
        "TwilightForest:tile.TFMagicLeaves",
        "minecraft:deadbush",
        "minecraft:leaves",
        "minecraft:leaves2",
        "minecraft:tallgrass",
        "minecraft:vine",
        "minecraft:web",
        "minecraft:wool",
        "witchery:witchleaves"
      ]
    },
    "shovel": {
      "name": "Shovel",
      "icon": "minecraft:diamond_shovel",
      "toollist": [
        "BiomesOPlenty:shovelAmethyst",
        "BiomesOPlenty:shovelMud",
        "IC2:itemToolBronzeSpade",
        "TConstruct:mattock",
        "TConstruct:shovel",
        "appliedenergistics2:item.ToolCertusQuartzSpade",
        "appliedenergistics2:item.ToolNetherQuartzSpade",
        "minecraft:diamond_shovel",
        "minecraft:golden_shovel",
        "minecraft:iron_shovel",
        "minecraft:stone_shovel",
        "minecraft:wooden_shovel"
      ],
      "blocklist": [
        "minecraft:clay",
        "minecraft:gravel"
      ]
    }
  }
}